{
  "articles": [
    { "name": "kurt_a", "key": "k01" },
    { "name": "kurt_b", "key": "k02" },
    { "name": "kurt_c", "key": "k03" },
    { "name": "kurt_d", "key": "k04" }
  ],
  "hourSlots": [
    {
      "name": "7:00",
      "key": "07",
      "slotsPerHour": [
        { "name": "00-30", "key": "0700-0730" },
        { "name": "00-30", "key": "0730-0800" }
      ]
    },
    {
      "name": "8:00",
      "key": "08",
      "slotsPerHour": [
        { "name": "00-30", "key": "0800-0830" },
        { "name": "00-30", "key": "0830-0900" }
      ]
    },
    {
      "name": "9:00",
      "key": "09",
      "slotsPerHour": [
        { "name": "00-30", "key": "0900-0930" },
        { "name": "00-30", "key": "0930-1000" }
      ]
    },
    {
      "name": "10:00",
      "key": "10",
      "slotsPerHour": [
        { "name": "00-30", "key": "1000-1030" },
        { "name": "00-30", "key": "1030-1100" }
      ]
    },
    {
      "name": "11:00",
      "key": "11",
      "slotsPerHour": [
        { "name": "00-30", "key": "1100-1130" },
        { "name": "00-30", "key": "1130-1200" }
      ]
    },
    {
      "name": "12:00",
      "key": "12",
      "slotsPerHour": [
        { "name": "00-30", "key": "1200-1230" },
        { "name": "00-30", "key": "1230-1300" }
      ]
    },
    {
      "name": "13:00",
      "key": "13",
      "slotsPerHour": [
        { "name": "00-30", "key": "1300-1330" },
        { "name": "00-30", "key": "1330-1400" }
      ]
    },
    {
      "name": "14:00",
      "key": "14",
      "slotsPerHour": [
        { "name": "00-30", "key": "1400-1430" },
        { "name": "00-30", "key": "1430-1500" }
      ]
    },
    {
      "name": "15:00",
      "key": "15",
      "slotsPerHour": [
        { "name": "00-30", "key": "1500-1530" },
        { "name": "00-30", "key": "1530-1600" }
      ]
    },
    {
      "name": "16:00",
      "key": "16",
      "slotsPerHour": [
        { "name": "00-30", "key": "1600-1630" },
        { "name": "00-30", "key": "1630-1700" }
      ]
    },
    {
      "name": "17:00",
      "key": "17",
      "slotsPerHour": [
        { "name": "00-30", "key": "1700-1730" },
        { "name": "00-30", "key": "1730-1800" }
      ]
    },
    {
      "name": "18:00",
      "key": "18",
      "slotsPerHour": [
        { "name": "00-30", "key": "1800-1830" },
        { "name": "00-30", "key": "1830-1900" }
      ]
    },
    {
      "name": "19:00",
      "key": "19",
      "slotsPerHour": [
        { "name": "00-30", "key": "1900-1930" },
        { "name": "00-30", "key": "1930-2000" }
      ]
    }
  ]
}
